{
  "year": 1405,
  "month": "فروردین",
  "monthIndex": 0,
  "days": [
    {
      "day": 1,
      "isHoliday": true,
      "note": ""
    },
    {
      "day": 2,
      "isHoliday": false,
      "note": ""
    },
    {
      "day": 3,
      "isHoliday": false,
      "note": ""
    },
    {
      "day": 4,
      "isHoliday": false,
      "note": ""
    },
    {
      "day": 5,
      "isHoliday": false,
      "note": ""
    },
    {
      "day": 6,
      "isHoliday": false,
      "note": ""
    },
    {
      "day": 7,
      "isHoliday": false,
      "note": ""
    },
    {
      "day": 8,
      "isHoliday": true,
      "note": ""
    },
    {
      "day": 9,
      "isHoliday": false,
      "note": ""
    },
    {
      "day": 10,
      "isHoliday": false,
      "note": ""
    },
    {
      "day": 11,
      "isHoliday": false,
      "note": ""
    },
    {
      "day": 12,
      "isHoliday": false,
      "note": ""
    },
    {
      "day": 13,
      "isHoliday": false,
      "note": ""
    },
    {
      "day": 14,
      "isHoliday": false,
      "note": ""
    },
    {
      "day": 15,
      "isHoliday": true,
      "note": ""
    },
    {
      "day": 16,
      "isHoliday": false,
      "note": ""
    },
    {
      "day": 17,
      "isHoliday": false,
      "note": ""
    },
    {
      "day": 18,
      "isHoliday": false,
      "note": ""
    },
    {
      "day": 19,
      "isHoliday": false,
      "note": ""
    },
    {
      "day": 20,
      "isHoliday": false,
      "note": ""
    },
    {
      "day": 21,
      "isHoliday": false,
      "note": ""
    },
    {
      "day": 22,
      "isHoliday": true,
      "note": ""
    },
    {
      "day": 23,
      "isHoliday": false,
      "note": ""
    },
    {
      "day": 24,
      "isHoliday": false,
      "note": ""
    },
    {
      "day": 25,
      "isHoliday": false,
      "note": ""
    },
    {
      "day": 26,
      "isHoliday": false,
      "note": ""
    },
    {
      "day": 27,
      "isHoliday": false,
      "note": ""
    },
    {
      "day": 28,
      "isHoliday": false,
      "note": ""
    },
    {
      "day": 29,
      "isHoliday": true,
      "note": ""
    },
    {
      "day": 30,
      "isHoliday": false,
      "note": ""
    },
    {
      "day": 31,
      "isHoliday": false,
      "note": ""
    }
  ]
}